Workbook

Sheet datos
A1: flight_id | B1: airline | C1: origin | D1: destination | E1: departure_time | F1: arrival_time | G1: delay_minutes | H1: status | I1: ticket_price | J1: aircraft_type
A2: F0001 | B2: VivaFly | C2: QRO | D2: CDMX | E2: 0.30138889 | F2: 0.19930556 | G2: 0 | H2: Cancelled | I2: 2039 | J2: A320
A3: F0002 | B3: AeroMX | C3: TIJ | D3: CUN | E3: 0.25972222 | F3: 0.69305556 | G3: 0 | H3: Cancelled | I3: 1417 | J3: B737
A4: F0003 | B4: GlobalAir | C4: QRO | D4: TIJ | E4: 0.76180556 | F4: 0.033333333 | G4: 55 | H4: Delayed | I4: 2507 | J4: E190
A5: F0004 | B5: VivaFly | C5: GDL | D5: CUN | E5: 0.12847222 | F5: 0.50416667 | G5: 90 | H5: Delayed | I5: 4140 | J5: A321
A6: F0005 | B6: GlobalAir | C6: TIJ | D6: GDL | E6: 0.71319444 | F6: 0.50347222 | G6: 20 | H6: On Time | I6: 5722 | J6: A321
A7: F0006 | B7: VivaFly | C7: QRO | D7: TIJ | E7: 0.75833333 | F7: 0.91944444 | G7: 20 | H7: On Time | I7: 1575 | J7: B737
A8: F0007 | B8: AeroMX | C8: GDL | D8: CDMX | E8: 0.51180556 | F8: 0.61111111 | G8: 93 | H8: Delayed | I8: 4188 | J8: B737
A9: F0008 | B9: VivaFly | C9: GDL | D9: CUN | E9: 0.95763889 | F9: 0.90347222 | G9: 60 | H9: Delayed | I9: 1784 | J9: B737
A10: F0009 | B10: GlobalAir | C10: TIJ | D10: MTY | E10: 0.37430556 | F10: 0.86388889 | G10: 11 | H10: On Time | I10: 5762 | J10: B737
A11: F0010 | B11: AeroMX | C11: QRO | D11: GDL | E11: 0.32777778 | F11: 0.077083333 | G11: 51 | H11: Delayed | I11: 3784 | J11: E190
A12: F0011 | B12: VivaFly | C12: GDL | D12: CDMX | E12: 0.27847222 | F12: 0.64236111 | G12: 11 | H12: On Time | I12: 4958 | J12: B737
A13: F0012 | B13: VivaFly | C13: GDL | D13: MTY | E13: 0.98402778 | F13: 0.58125 | G13: 11 | H13: On Time | I13: 5980 | J13: E190
... A301: F0300 | B301: VivaFly | C301: CUN | D301: TIJ | E301: 0.30277778 | F301: 0.88125 | G301: 55 | H301: Delayed | I301: 4666 | J301: E190

Sheet Hoja2
A1: AEROLINEA | B1: TOTAL DE VUELOS | D1: AEROLINEA | E1: VUELOS CANCELADOS | F1: TOTAL DE PERDIDAS
A2: VivaFly | B2: =COUNTIF(datos!$B:$B,"VivaFly") -> 84 | D2: =datos!B2 -> VivaFly | E2: =COUNTIFS(datos!$B:$B, $A2, datos!$H:$H, "Cancelled") -> 4 | F2: =SUMIFS(datos!$I:$I, datos!$B:$B, $A2, datos!$H:$H, "Cancelled") -> 9244
A3: AeroMX | B3: =COUNTIF(datos!$B:$B,"Aeromx") -> 61 | D3: AeroMX | E3: =COUNTIFS(datos!$B:$B, $A3, datos!$H:$H, "Cancelled") -> 3 | F3: =SUMIFS(datos!$I:$I, datos!$B:$B, $A3, datos!$H:$H, "Cancelled") -> 9394
A4: GlobalAir | B4: =COUNTIF(datos!$B:$B,"GlobalAir") -> 85 | D4: GlobalAir | E4: =COUNTIFS(datos!$B:$B, $A4, datos!$H:$H, "Cancelled") -> 3 | F4: =SUMIFS(datos!$I:$I, datos!$B:$B, $A4, datos!$H:$H, "Cancelled") -> 8271
A5: SkyJet | B5: =COUNTIF(datos!$B:$B,"SkyJet") -> 70 | D5: SkyJet | E5: =COUNTIFS(datos!$B:$B, $A5, datos!$H:$H, "Cancelled") -> 4 | F5: =SUMIFS(datos!$I:$I, datos!$B:$B, $A5, datos!$H:$H, "Cancelled") -> 16902
A8: Aerolinea | B8: voletos vendidos | D8: AERLINEA CON EL BOLETO MAS CARO | E8: PRECIO
A9: VivaFly | B9: =SUMIF(datos!$B$2:$B$301, $A2, datos!$I$2:$I$301) -> 308450 | D9: =LOOKUP(MAX(datos!I:I),datos!I:I,datos!B:B) -> VivaFly | E9: =MAX(datos!I:I) -> 5995
A10: AeroMX | B10: =SUMIF(datos!$B$2:$B$301, $A3, datos!$I$2:$I$301) -> 232913 | D10: AEROLINEA CON EL BOLETO MAS BARATO | E10: PRECIO
A11: GlobalAir | B11: =SUMIF(datos!$B$2:$B$301, $A4, datos!$I$2:$I$301) -> 294848 | D11: =INDEX(datos!B:B, MATCH(MIN(datos!I:I), datos!I:I, 0)) -> GlobalAir | E11: =MIN(datos!I:I) -> 1221
A12: SkyJet | B12: =SUMIF(datos!$B$2:$B$301, $A5, datos!$I$2:$I$301) -> 245781
